-- phpMyAdmin SQL Dump
-- version 5.0.2
-- https://www.phpmyadmin.net/
--
-- Hôte : 127.0.0.1
-- Généré le : ven. 16 oct. 2020 à 16:58
-- Version du serveur :  10.4.14-MariaDB
-- Version de PHP : 7.4.10

SET SQL_MODE = "NO_AUTO_VALUE_ON_ZERO";
START TRANSACTION;
SET time_zone = "+00:00";


/*!40101 SET @OLD_CHARACTER_SET_CLIENT=@@CHARACTER_SET_CLIENT */;
/*!40101 SET @OLD_CHARACTER_SET_RESULTS=@@CHARACTER_SET_RESULTS */;
/*!40101 SET @OLD_COLLATION_CONNECTION=@@COLLATION_CONNECTION */;
/*!40101 SET NAMES utf8mb4 */;

--
-- Base de données : `boardgameforum`
--

-- --------------------------------------------------------

--
-- Structure de la table `country`
--

CREATE TABLE `country` (
  `id` int(11) NOT NULL,
  `country_name` varchar(255) NOT NULL
) ENGINE=InnoDB DEFAULT CHARSET=utf8mb4;

--
-- Déchargement des données de la table `country`
--

INSERT INTO `country` (`id`, `country_name`) VALUES
(1, 'Afghanistan'),
(2, 'Aland Islands'),
(3, 'Albania'),
(4, 'Algeria'),
(5, 'American Samoa'),
(6, 'Andorra'),
(7, 'Angola'),
(8, 'Anguilla'),
(9, 'Antarctica'),
(10, 'Antigua and Barbuda'),
(11, 'Argentina'),
(12, 'Armenia'),
(13, 'Aruba'),
(14, 'Australia'),
(15, 'Austria'),
(16, 'Azerbaijan'),
(17, 'Bahamas'),
(18, 'Bahrain'),
(19, 'Bangladesh'),
(20, 'Barbados'),
(21, 'Belarus'),
(22, 'Belgium'),
(23, 'Belize'),
(24, 'Benin'),
(25, 'Bermuda'),
(26, 'Bhutan'),
(27, 'Bolivia'),
(28, 'Bonaire, Sint Eustatius and Saba'),
(29, 'Bosnia and Herzegovina'),
(30, 'Botswana'),
(31, 'Bouvet Island'),
(32, 'Brazil'),
(33, 'British Indian Ocean Territory'),
(34, 'Brunei Darussalam'),
(35, 'Bulgaria'),
(36, 'Burkina Faso'),
(37, 'Burundi'),
(38, 'Cambodia'),
(39, 'Cameroon'),
(40, 'Canada'),
(41, 'Cape Verde'),
(42, 'Cayman Islands'),
(43, 'Central African Republic'),
(44, 'Chad'),
(45, 'Chile'),
(46, 'China'),
(47, 'Christmas Island'),
(48, 'Cocos (Keeling) Islands'),
(49, 'Colombia'),
(50, 'Comoros'),
(51, 'Congo'),
(52, 'Congo, the Democratic Republic of the'),
(53, 'Cook Islands'),
(54, 'Costa Rica'),
(55, 'Cote D\'Ivoire'),
(56, 'Croatia'),
(57, 'Cuba'),
(58, 'Curacao'),
(59, 'Cyprus'),
(60, 'Czech Republic'),
(61, 'Denmark'),
(62, 'Djibouti'),
(63, 'Dominica'),
(64, 'Dominican Republic'),
(65, 'Ecuador'),
(66, 'Egypt'),
(67, 'El Salvador'),
(68, 'Equatorial Guinea'),
(69, 'Eritrea'),
(70, 'Estonia'),
(71, 'Ethiopia'),
(72, 'Falkland Islands (Malvinas)'),
(73, 'Faroe Islands'),
(74, 'Fiji'),
(75, 'Finland'),
(76, 'France'),
(77, 'French Guiana'),
(78, 'French Polynesia'),
(79, 'French Southern Territories'),
(80, 'Gabon'),
(81, 'Gambia'),
(82, 'Georgia'),
(83, 'Germany'),
(84, 'Ghana'),
(85, 'Gibraltar'),
(86, 'Greece'),
(87, 'Greenland'),
(88, 'Grenada'),
(89, 'Guadeloupe'),
(90, 'Guam'),
(91, 'Guatemala'),
(92, 'Guernsey'),
(93, 'Guinea'),
(94, 'Guinea-Bissau'),
(95, 'Guyana'),
(96, 'Haiti'),
(97, 'Heard Island and Mcdonald Islands'),
(98, 'Holy See (Vatican City State)'),
(99, 'Honduras'),
(100, 'Hong Kong'),
(101, 'Hungary'),
(102, 'Iceland'),
(103, 'India'),
(104, 'Indonesia'),
(105, 'Iran, Islamic Republic of'),
(106, 'Iraq'),
(107, 'Ireland'),
(108, 'Isle of Man'),
(109, 'Israel'),
(110, 'Italy'),
(111, 'Jamaica'),
(112, 'Japan'),
(113, 'Jersey'),
(114, 'Jordan'),
(115, 'Kazakhstan'),
(116, 'Kenya'),
(117, 'Kiribati'),
(118, 'Korea, Democratic People\"s Republic of'),
(119, 'Korea, Republic of'),
(120, 'Kosovo'),
(121, 'Kuwait'),
(122, 'Kyrgyzstan'),
(123, 'Lao People\'s Democratic Republic'),
(124, 'Latvia'),
(125, 'Lebanon'),
(126, 'Lesotho'),
(127, 'Liberia'),
(128, 'Libyan Arab Jamahiriya'),
(129, 'Liechtenstein'),
(130, 'Lithuania'),
(131, 'Luxembourg'),
(132, 'Macao'),
(133, 'Macedonia, the Former Yugoslav Republic of'),
(134, 'Madagascar'),
(135, 'Malawi'),
(136, 'Malaysia'),
(137, 'Maldives'),
(138, 'Mali'),
(139, 'Malta'),
(140, 'Marshall Islands'),
(141, 'Martinique'),
(142, 'Mauritania'),
(143, 'Mauritius'),
(144, 'Mayotte'),
(145, 'Mexico'),
(146, 'Micronesia, Federated States of'),
(147, 'Moldova, Republic of'),
(148, 'Monaco'),
(149, 'Mongolia'),
(150, 'Montenegro'),
(151, 'Montserrat'),
(152, 'Morocco'),
(153, 'Mozambique'),
(154, 'Myanmar'),
(155, 'Namibia'),
(156, 'Nauru'),
(157, 'Nepal'),
(158, 'Netherlands'),
(159, 'Netherlands Antilles'),
(160, 'New Caledonia'),
(161, 'New Zealand'),
(162, 'Nicaragua'),
(163, 'Niger'),
(164, 'Nigeria'),
(165, 'Niue'),
(166, 'Norfolk Island'),
(167, 'Northern Mariana Islands'),
(168, 'Norway'),
(169, 'Oman'),
(170, 'Pakistan'),
(171, 'Palau'),
(172, 'Palestinian Territory, Occupied'),
(173, 'Panama'),
(174, 'Papua New Guinea'),
(175, 'Paraguay'),
(176, 'Peru'),
(177, 'Philippines'),
(178, 'Pitcairn'),
(179, 'Poland'),
(180, 'Portugal'),
(181, 'Puerto Rico'),
(182, 'Qatar'),
(183, 'Reunion'),
(184, 'Romania'),
(185, 'Russian Federation'),
(186, 'Rwanda'),
(187, 'Saint Barthelemy'),
(188, 'Saint Helena'),
(189, 'Saint Kitts and Nevis'),
(190, 'Saint Lucia'),
(191, 'Saint Martin'),
(192, 'Saint Pierre and Miquelon'),
(193, 'Saint Vincent and the Grenadines'),
(194, 'Samoa'),
(195, 'San Marino'),
(196, 'Sao Tome and Principe'),
(197, 'Saudi Arabia'),
(198, 'Senegal'),
(199, 'Serbia'),
(200, 'Serbia and Montenegro'),
(201, 'Seychelles'),
(202, 'Sierra Leone'),
(203, 'Singapore'),
(204, 'Sint Maarten'),
(205, 'Slovakia'),
(206, 'Slovenia'),
(207, 'Solomon Islands'),
(208, 'Somalia'),
(209, 'South Africa'),
(210, 'South Georgia and the South Sandwich Islands'),
(211, 'South Sudan'),
(212, 'Spain'),
(213, 'Sri Lanka'),
(214, 'Sudan'),
(215, 'Suriname'),
(216, 'Svalbard and Jan Mayen'),
(217, 'Swaziland'),
(218, 'Sweden'),
(219, 'Switzerland'),
(220, 'Syrian Arab Republic'),
(221, 'Taiwan, Province of China'),
(222, 'Tajikistan'),
(223, 'Tanzania, United Republic of'),
(224, 'Thailand'),
(225, 'Timor-Leste'),
(226, 'Togo'),
(227, 'Tokelau'),
(228, 'Tonga'),
(229, 'Trinidad and Tobago'),
(230, 'Tunisia'),
(231, 'Turkey'),
(232, 'Turkmenistan'),
(233, 'Turks and Caicos Islands'),
(234, 'Tuvalu'),
(235, 'Uganda'),
(236, 'Ukraine'),
(237, 'United Arab Emirates'),
(238, 'United Kingdom'),
(239, 'United States'),
(240, 'United States Minor Outlying Islands'),
(241, 'Uruguay'),
(242, 'Uzbekistan'),
(243, 'Vanuatu'),
(244, 'Venezuela'),
(245, 'Viet Nam'),
(246, 'Virgin Islands, British'),
(247, 'Virgin Islands, U.s.'),
(248, 'Wallis and Futuna'),
(249, 'Western Sahara'),
(250, 'Yemen'),
(251, 'Zambia'),
(252, 'Zimbabwe');

-- --------------------------------------------------------

--
-- Structure de la table `follows`
--

CREATE TABLE `follows` (
  `id_user` int(11) NOT NULL,
  `id_friend` int(11) NOT NULL
) ENGINE=InnoDB DEFAULT CHARSET=utf8mb4;

--
-- Déchargement des données de la table `follows`
--

INSERT INTO `follows` (`id_user`, `id_friend`) VALUES
(2, 3),
(3, 2),
(3, 4);

-- --------------------------------------------------------

--
-- Structure de la table `game`
--

CREATE TABLE `game` (
  `id` int(11) NOT NULL,
  `name` varchar(255) NOT NULL,
  `creator` varchar(255) DEFAULT NULL,
  `publisher` char(255) DEFAULT NULL,
  `price` float DEFAULT NULL,
  `image` blob NOT NULL
) ENGINE=InnoDB DEFAULT CHARSET=utf8mb4;

--
-- Déchargement des données de la table `game`
--

INSERT INTO `game` (`id`, `name`, `creator`, `publisher`, `price`, `image`) VALUES
(1, 'Nessos', 'Takaaki Sayama et Toshiki Arao', 'IELLO', NULL, ''),
(2, '7 wonders', ' Antoine Bauza', 'Repos production', 25, 0x89504e470d0a1a0a0000000d494844520000004f0000004e0802000000ee0adc74000000017352474200aece1ce90000200049444154789c4cbc67b85ed75926bcfaae6f6fa757b5a36259c5969bdc4bdc529d38850c9001122021849261606092ef83199884099006038184499c9032098e1dc7b2ad6a4b96d5a523e9e81c9ddecf79fbbbdfdd569b1fc7f07deb5abfd65efbb99e763dd75ef7bd9e0d376fd94e91a610604ca5560a333f0ad3266b051ec61400a0296650692985100821a519d0486b0d00c05a41a431c61863adb5d61a42a894d218680800004a290c20546f3f0200482937d62324350418632925240800801092522aa5000094d28dfd08a1b75f14e0df07d118220da1d65063c4148612021409a4850280730e00043245481ba118c705096348384288281e724225245029ad4320389452459143a4d69c208c3574900508d1984108315112880d9d08801812ad35000242b8e10284900252038010d21a628480d200800da595c2841084d0db1208915202a40150711c136268ad31a69c738410d0484a8910020000fcff590bf486eb0900504b258186101a06910869082034782c17d72708ea8ae364c416a06458184a29b86d6848613390c2313103e19e6ddb72ae2c261585e9506281880a5503708ed446f4fc304208c5714c29955203a9361488e31800b0b107400994de305e01fdb6865a6b852084524a082151604324210400a994da481084d5865f0000105008df8eadd21c42c818e39c0300c230841a118d10611848aa251091a909d440aa983172efe3fb866ed9fc677ff59d93e7da6ec2d6204408c16d439b14661a89146a7cea571e7ef3c593c9a03ba18b814ba7e2701e301f2612ca86526d28242496121a86a1b5b61d6259d6863694d28d14258428a020c11beb5069a8c1466c11561b69af9482a6026823268661400821a5943186898410628c01004a0208e1db7220dc480a214479a9d96e344dac6d060d42cd98db8da6a504d60a4041088cb9dff6706caeaeaa2b0fbdeb9dbffdff3ca750422905776edbca2953f5cad7feecbd2f7fed4caf5bd8d13f9272535a89568c8eae78d3a15b07664ca8044421a2a040d4c406370d3b95c8522a124993f3c8346d29dece6444203598d6122240245688731d8908398e4919b01cc828b0313608454a19046b2c317e3bc311d6ff1e5b442000004122a522042b084510058d36088400d2b0a94d106d87acdcce87a10c57148b0085886009818ada5ea3757d6e626c7d7af0f65d5ffda713d274b1e3160c43ddbf7f70e1fcd94dcec8aee1adb9440e638b30853059016081473104000988354200434845164b84646c19b6c11c04308658724530811a124c345408688c10020822002035996b00dfa62293b45216b3317299744d641a04130c31da18f0ed0130c60821ad8192208ab8e03a8a430d71add2887d5eb20c17aa14311d41e2c53a69053af0b0c5996b42ca00c1c080d036d2d9746f773743647cf2caec4a9b6303dbe90e9b379e79dfbeda15b9b77f6f3699a5c89488065a45c21e2ffb752140ac0c08a81428f243b20a549b825a182f72096b552f0e552a9520f4edbaaab59622044ac721c79072106864030512b6df5dd418b65d43982886ba1d07ad200c6dd70510238430c610420811420423a2351461c4430e24109114420731e71268a1a10e938e65705d999d4fb5158adac92c569680c4048408a2b40124c3926288518a59f3f333d835579b3181ccb343f8c69ba7893f68330c858a61280911bd172e9e7d8303389066506bc228505a2a9e730c5b6362844d55fce978e0e6f7892816516810a6ffadf0028509b56ae5fa52ab99481ab92e01986887b0d2340c86b0248c01004c4ca06b39400100ff7ff51620211400084214c70243020022084b2981d26d9f030112cc0c5b9158ab2623df64c24c036544101389226a10835164581012098180d24e39bb1b7b6bd7ce40151308a482286edb2da770ba1cdede9776a3a60b909d2089420a2403291ac830586803564bda8540054c19f5b6b8d142e99e4d894cb765a6318ba697268b1d5d9083d08f501cf988731fd938a72191d454c4973a5569232b5298d8e3f3339b360d2829756c999a2a2bd62846086ac9ead506260a110e342618463a8a2440988401171112847639a06bad029b158b0862084a6c8db5268ae3186912c61104504a8438400841ca620852999269411c9b0400a801121c44985c6d8af67c6d30eb665d376fcdacd7fdbdbbee4bf7f46ad8ce6052e5c053eb574f1f13a0dcd6fef494dbb123cf444bb59bc267499d6f4cb7a594186369d842726668a156710b836a5e611584a241e2d06fcf4896cf9766c7cb1d9d566837432ccd200b0092225e5fad6a4a990109511402a40dad20d4c08fa2c556db90a609b48e5b46b086749d590261a5542c04248a500635080885cda06158496aba4acb206c420c34e610710000c1006aad01828aa096953c5b0f2eb5eac1f4724735a88de6dd7aec822b0874120afdcc70721025dd4c2bb046e7ea5d8319d8fabe21a806711c4212c786a134e240535909998c0d292c27035c6be59a870dc7425044c8009412b07a7329554cf957a5e0a193ee5aab9429039c478c2634c7063502af914ada9a4610c37abd4a2925d48c39f01d8a19acfa706d6d05400e21665449102b4463a5203020c16118159c8e071e79d2b06de65898a2a8e1491503c809d40042a811d40811aa624a62c420667353ca4d6e6ea652b7f525ac68ad1590e3e513ca5f0231985c510d7e60feda42041631cd69659836973ec314854a6998d489a48e56517bc58bd62d87312323b4b259db41ba155262e5a23023eba683631cfb664ac651171781d68231cb7422cff3fc9819554370136ba4a58ba152423121da28224ae78db60610c1441c1a98028415c0486a49145058fa5e3052321a6b612667416c22626329a04a681d63b79076344e650da13b4d64100494d25a011b3100c06a2b3c3ab9f4d69af448ee031f1b9a9a995e69782ee4c86d6ceeb7b775adadca7d45cbdcdd79ad6bbbfdb9dff80f35efc4e26a6e3871651b9b7df03663ef4ee34f3ef5876f1cb99aeff91042ed5da9b1dffddd8f9eb9e4f68f3c6818bd5a8b9d9d6ff5f4ec5c6c2e1fe87f6b6b0967536bef7c68a894905e709bdbf3a0e12ceeeb1ecd91f9cecee5cecc5a29d332dd785b5f673e35d7d567fef6effdc2b9372f0f0c3cd0d37f7bb130c0c5b88b5672e9fac8d6bcc99dbd3beeb42d1793742c0aaf1cbd8c130ba353759c2c662cae8b1d0909ba2cc3d51a404220220a030c245450005493ece6cc11db3a89b5717e812f8fcbdb0e90575eae1fdc2f2e8d21a0c7ba0a64ec52c2cd5df8e9cf9abd9d3a97f0e61becfc54feda4d09d8ec238f93374e8e1bd65d9ffc95c2e8f9d70a9d7062ac83dad958c8cffc6ae1473f185fe45dffe5f71efae673974757dc536fcd3dfb8183ef7fa6fbc8e13381cc7cfc839b5e397279742ebdb84257579595ed9e9fb9b67553d7ebc76a6fbd39baeb1632bf38514ade4159f5c9273247cf2cacfaf2f1777e60ecc6fce6dd0f2862d03894eb6bcd88d6f9a5eb334d82214240210d4c422dcb11524aadb9d4026181144080290461f4dffff6578ebff2c70bebe8ca5ca61b6fa7e818b50b4b65f1e87efaae8f7cf07f7ee1686f07bf3039c7d89dcfbe5b7dedabebcdc21d8eb3abe4d01ffd7c66dff5570ede62bd717346b9c6d157e7b6ef6f178b33e5da076584986b4b054be9214c04b3fb8be9fb44cc3fffe5cb8f6e7ff9fe3d7ddf7dad131b4541f399ce27b3f94e3b56ebab376cb3d9e2b54c6e5fcaec81f254ff50b03abfe88517983dae784f577ec74fbeb33c94bb05fb6dc3a29313cbad9abc7465a23082010048498900044a2300a5d218630ca14da1a581e35824616a0371efecc9635f02aa30573352ce269eec5eadf7dd71b0f5caa90cb1279ffbe63f2f2eb91fffddfb96567a08bc79e2cd9334bbab943ee0faff4afcc31d9b3ae666bb8a9d18565b4c11c0b6fce467f160d1e7956f5aaa09a5a510a62489515bc9c062e9decc40a2ffce53178b7eebb21fcf43e0f76483acf9468a1c36a2cb3bbabb532c6552669ba8d4531cda7e7b3bb4235023469f06f9af7de563bc35b6b97b4b576e787db67ef6cda9950a69e15cb1bb77e3c88528401c2325258b1a0686044a03c45a72839a14108863868cbffaab0f2b515f5e0da7a6ed341a0e8ce6c93338e70a944a1bb8b35e8ffda072e8859fcf2c3a8408c762a16b87b5b5bb6fef8a83e976230e5571adbd1c78b328f242dd60c9bbdf38e1fee27bbb64f0b300524c340e63c010d0260610d95edecc9334d1b02b0d2043c93b0fdcf55b9ffef8bdf776e5b36b2d6f1a680978330e26237ee2ece593d7ae7a06625de9dbdf3aaf46274fdf79901c78a2ec896a2330129d9b692a51a22811544d66024809169808596c7b5bddb66c8f5749aa6e6420441ab434340ca07c71e995970f294dd7eac44c6f530411c800eab6506c824b1d85db4db3ffb67dbba7272e689a69ca44ca9ee6e55aba6be4c4f56d1c168bd4b4ba266b2b796860c1504c65ae6733e2ee8baf1cf9fce7debf3a795c890062a162084484db18396e17efbbf3a0b35859c0b0108bfa0b3f3de5fd2861d0b26af24c912aa5ea7ef8894fbf7b7ef96c1c6c99bc6e61b7c0cd563efdc9afffafc36e5c13e2d0f5896d4fdf37229a4d545e696a1104eb71146985516cc1004a93c4db52fc2eb7b5d7093b104f60412562dab065ea83cf6c5341bdd924172738b54ac88c9228098dfcb51bc11377154e9fbfa8a511b5ce9dbbec315ab432b7cfcf25bffef95de1eca5b4912eda45b97abca773e6fa95a4650d63891c294c5f749bbbfcd683dff8fa8fe74727357730123c024857136899794b3cfe9f7ee5daa5f318cb0251b61251de34b7f7ddbe7d68b765a0306ab889ce3ffdd39f1e7a5e2e4e5d73d879933bb6cc99e87067c790e456e0559afef4caea186f2ca56894eda58f3efb2831b1969a601503047d6244a683d3e91ecc288fae54618376f8b02db9cfd0bc89c86a60a4d20309c4a4f211272d5b5f1a437bb6d8af5f5a2ad783dee25c456f2e9a034e125f9dd976ecf4e87b3e707375eeeafcc2a2b3353d3ada1383f4503e1f7b4bc54cc2f3db49872506f7df9c290fbe4bd233f37d3db45e5e3e78f750a371daabd740a2f5c68524119b8706f250c6fbf60e2c2dbc15e92888ab15df208636092fe4ba08dc3d3d39f1c18fdef283efbceef85632fffa677e6dff3fff2f325b460c59b9a44875159d8e74a2986aadae6aa2a08270eb701713e4e08e425f3474dbee4d44c63e972b28511678a50142fff5ddbb9785d57ef3f8a648ec60b41bc065205543c266b8669249af659a8830d7f383e1526a04c3388eb00437daedc5305ee71a316a258ce164d601a19c5b3cae91dbd9796b77c730e4b4deae5d9f3ee4a67b13a65d5b3b83a0254500a19570ba29c8e48bc556b8ba5e1ee5120801000ea1461827c2b63268e43a5d7d7db7d4caf38be5f144b2104b9f07e1a3f7ef397de95a10c35da55b9e7af8b6dea11e881151a0ba3077e8f23f7fe7c51a01106b048330e6002f2ef9ae4109b1088049604466fc8bbff9cc4ffff58b30ee589abdfe91cfa4457d5d4388a1e762a7d50eda1e82160d30f25ab0a714dbc64d11c72633107242bfb8b2ca096466cad9b4a9d4ac795e23f2dafba328764c9ecdac244cbbd9aade79fbc88de9f9cd5b128dfa90121c01a5114898a8bb600761b5d91021df14c5b1029a1213001447aa5e6de44bd476683ab9aa042a57bba4d294e68220f01a1377ede9c8e50a93672fd55672aaddc40a20a5d717e7258f15044402ade3184198b613364d62c02c884d28ea9e5c8e2e1d7a691673e98b5626bdf7a5efc3a4ca733e9f64b53ca8a70dd7a01d0b9ea8688a65c6377910adb9b6c343afcad30ae42c5aa20886dc5b3f4f1da30b204d6c20c376c894d7343c0e19ee610a175abdfc82cc926e02018140299f1aac31ab11d792c79810a615448810a680c61a3b84886a1bfbb8bd2c9052264c6ec074260069c4441b8bb6dad5736f295d221469a914179040ac3022986c60645801069001220c05413a9990a5a43b357d538482284363b035991919cc55050cf596acc560ab99cf35f31de6d626f3aa4643e040da5a2104a149d952883c4e9530302584a034c59d39ea968c548f693a186ba955ac2411426a89360508b5fc94c1109492475a70699bca6062a5a1718c2c62d97610474009a9b5a6d448242081924788878616b18ee0bfc1910a51a8155002222520c5d4d8406d934406934a6a4db0565069ad14a39a399089384b298600e2eabe3d4337d7cff248632bedd2f626a7d7a06c7c359a57ac3bdde3a4168bf7df3af1afe7f31460a2240b083514360026514d14b0dd6a5229ed2800522a884cdbd018b0583a1a138d0244b556206c71aeb90426314cdbc471e461ad38329422d20a4d33ad10a8876d460c0831450851a263811081082b4c384650db8410ce2388b42608004c0d0210841423a0308230f2710a220025e004408510c2c408230db46114f22bcdaaaec6902adab139c539af06f3330baaa1676a08ea1a6ca12c7374d84874d2b0d9a03a320dc3d5442216098d00649633d441b9e4664f643ab21604521a404650bb288eab4d4f409a4e2721c61000820127c24811cd600815601622047320bcaa5f9fa29922b613868581548c10f0367a85380f0923daa41aaa0df006330c910610108308ad34042ae65a498601829a39260010284d62250d88204242e956ad1d420a9299a49d236d519d0e19df6a04e103435bed91ae465b44328119123a4636770652d5d9998e941dd73953882b655aa940232d64489491b42595c2364a1d098c19e4142aa58428240907346879b1d412026c52cb35a4f2a943c2b6001ab785a23a6ed6a6295c134160bafd1abacc3539e710020db5020a5216432595024833cb864001a000d21842ae24221820c8de86b89094123a09484d0c30818849250588146a98c8c2ad068918c9a599014ba9a2690c71d17693a4155518d3342291126e103925546d4d9b715e0454118500b124162a3088a9b09090504a69c281268e62a4b5c62026382610638aa9096c97694cc320965cb59b75c4883224415a8088208ec27a505ba09664a0595b99c80eec0ba540042b04114200428c31c49a600010d008ea7fb7560102b48200630c1050080a840066406a844ca8219104194a690266da4b0445ddd952b9dceacbeea8c44237b99946d0a53145c8cca5b2300e3c50ab9b6e32a5560b9aacfbb8e6eb9013ad61673ee922c86329092f7415022d146a994840ecc6122b0835c4c272b84422061a412d24465482389170918c816a635327128e1934cf5c380bb8a4095b2391364165e1426a780f6406d60a000020051402a4214600010505001840c839d706de808a34849c1a0a61043126a6b2810e0381000100600083987bad26d4b5d568d6359cf5e97ac2cde4acce28f2d2c92e6ca609611a08cb4ea7b296efe9532ffedc25f5e1dd8f0848dd62b2d8555a2b37641426d230593003501182019c6c0b6a2a8180041812cb54107289788c34841842adb5414cad046618120b298ea2e685d327542419316c93198cf2d8739925822a735d0909021a420831d2082a0800461a2300144208530a11c21a6e20b51a630009d008422c35444069080850426b10031448dd00169780731979eb5d06806d5d5bf4ef2cf56a0511c3120a01a94640507679716d6767de472cd153d44cb759b373c00d6be6da62737dce234ab9852c4e4780b56242b061008da044220e434f29c500c4b10e19a51a21c3348143b12419681dfdf98f9088317145144bce848e959451ec7131bd6970534be3482a0285865823ac21001829a435040063088006086824df269114d048a90dba46514ab5d688428010121a04107369406541017bf2a59c25efd9dfdb5114ed6025eb9a32ac43e04328a565ab54eed95fffd49a2ff63df658e7ae9da5c1eda6536c84929bac63b0c37160ff60c1b42088631222c859d0d25e9dd7d67cee73aa75d28699a42ce5693a09dd04264c22806d121efef93f22ce29b280848273cbc032f231c60403178693678ed82a068428ca94c10063c8b220331036303280264093b78ddc981a6d80d208128cc90605895385148a756f7702d4a37d03fd26155a01acc5cedd09d11ceb1eeca908f1ea9153330bf3d5664da2980b90e9e8c9f6f4edbd75cf77feeecb666f4936a56a0bd0d349a8bb66c3af7cf5bf5f3cf5f3d9dae5cd3b1f6829930b0e317552ae9d76200190026ce348f8424b6d1092b021859d167dedc7dfb171acb50ea5c6c08efd6a3685a092402b4609811029de5a5fd7dd4565ba58034da0061a004d14e60419181a826b8cb5441860000400480304200610456d6ffae61bd7c7db4841000088a320974dc67e8b229eb04c1be98e4c4fd12d493f3249f0fef7dc5b5b9f8a5bebcb5363a3278f5c3e7988d866d3482ececcf5534317137129073cc5315d3c796ec8a11ffda5a72bf54995506e5f3ab3cd7507a84e45c08c0143c0a48a206c39d070620dc2c8372979e9c5efdb26963150126e800c9689b15614d18d4f3fad9406210aeb66755dcb08320236ea30500a6b89d49963c7bffdd75fbd76fe4c1c7a0a000d8886e86d621121a48144002b4000001b5ceb9adf6c4721a630e51ab5f9c5897f3cfe89f73f7af6d2fcb2973829a63256de5f8dd369b72b498a26682e8d59f9cd2b7e70f887cfdff9d9df0ab56dd479c5922fbff87cc168590576cf3b9e4a0f150549026c2309b0444863c7b6fd660b00c031800043192518ba7afa750295d612631a044202e5f9e5425a6a1941646200791453000c0b20c4c5c4b5542ae763b241af020014041482932fbc3c922bf2caa2636ce55069808146000004d906eb2884d05ae3443ec14250ec302b5ec40ce1436fb5158244fa99a7efb14df7a59393d38b7e28a404d80b7d44f5cad272d2068dca4cbbddbcfd8e077e74e8d0e5c3afdf7bdb4199b2e266a013eef4e4541cf1273efc3b559c88399401e59cc4000942a16988489acc928c11db21044f8e9e37e3b685eda81d456dcfb4cc300880d21d45ea30a404d04061842142b6a6dc025447b5a545a76f986bb87118d0521942ad5eb89a21b4e2cdf76ce9074e1a001341042182900000a3a075f5d22be31321ce65b334063d03462109073ac1a3f7ede92b39cdea74545d5faa3b1209cb61b518f8720902b0ffae6dcd8abfd8aac61228199517aefcec95a38170c7af5fbaf8da6bdff89bafbd74f4444beaa5954635500f1eb83f503ab485cb2134584b7839897ff597ffe3234f3e8129c140cc4e8e62ee695f041e0ffd102add6c3604e48cc443dd45213c88b1560a43a81140864604680229d20b73f3d98e818825880612203be2e5ebd734523c6c0fdeb58bb01411964608020480d65aaa209c9c38367aa381d3b90489743a03e37a8cda606ea2ba3a57ed2f0d94cbd38b6dab1caab1599949a385ea84a7ba5656a659649fbb31b9fff67beebfefe08d5367efbbfbde57ae9d99f49a8da06524ac523a3dd2d34b0cf3dcb90b477ef42303b58777ed86c40a185141fced7ff8a78fffd627cd948ba45e599c02519b70d1aa36a86c4baf16791e226872a59ccbe5b20e43d2579a3342b082520148a8529a32a290b4a052ccc4c982062414ed4b470eebc59514204281fcd66e854c446c89a186502aa821899aadc9f163576fb4702aefb24075149306ed1aece945d0483a6e1ac9bd9bbbc7666627166e0c0dca524aaf077e4d760df625b664bab66c1db2807ae9c7df73fbb6bf3e7afaafbefa672f3e7fa45c03b1c62dce97bca6eff94a2ac3afc3ead8dd0fbebb0e9114c197fef8f3bfff47bf972ca4a48855db0f1bab61ad9e6056d46a78cdf6f9d1b1d1b9c5897a6b7aa58c20be7ee1e2ae5d3b10a22a56143382b06d268320065023044c1db53ddf4ae61d33955c2f8fbe7a2c0c4559c4c070af5d3bbf75ef2d37a7670d036b29248f1417ed467966f2d4f5711f766fee72eb7cc74872b94c92092085d85eccedb0f97017f9d1f9abfdbb1c121889e4f69bcb3738ecbeefa96d178ed7cf8ecf0f948610174bf5c57b0fec7ae59517f73ef0e84f5f3c6e6b6e44be49681d1a112043267cfcaece8b15da04b872eefcc1071e8c0c52e8e8342d2b6dbb5ebd12b6a2a5997986455fae1404c16d0f1fd41d49c375e76f4cbdf0cf3f66c0cc32d295b64c180c0d75a41249a540c843cd58c2a64dae22961abd382618bb343eebf94870de0ee2fd3b33effcf55f6076e9f8b163d942b6bba780895a592a9f3efe9d1f3defe152da02800cf4655948b795f284c382c3868c7cfd86b6f626cfbdd5e8efbdbb998bb3c86228b1754ff7f913d53d7d5b66ab37dfff4b8fa44c8e0d52e81880922ccfcd5b95d697fee8bebe0eebf4d45c1650e9b14f7ce69d3f7c650cb66edeb3eb8eb53a0e84072339777352c751979b481192a464767c329feca01274dfb1f5c2954bbb878793a59e1fbe7ca45169aef9d5d55abb33d3edadad105defda6cb7ab2d22acb1c905d516d595558f18c78fbd6e026825f2c26b09c21fbb75536e6ba70ef4d7bff175eda199a9b1b3174e8376c4c3dae8cd164ee7732896036efbd12dfdd1f2ccb62ef3d6e19e99357f8d07030f0e4eceb52a15c93231116a65392837666767288865869ae672a5c4722af2fa870ba7ce8dce2d2f6fea1eba72e6fc7acdc9c0d0e76cd1f3195d98bf592d42bddaf041c2ddbf7587cdaca465af2fae40851020954a2395cc20a93309a773c7e0dcfce2eddb761c3d7cf8e1871e3afcdacb85846b6156adacb5bdb54d77dfe66e1f78f3cd1bb3b3f5488a88cbf1a9f9c9b995ed5b37c75174737ea5b2ba1c0379f748ff6c6d616bd7c0038fddf7d24baf2533f61d076ebdf0d665c78657277ca4849242a50c9253f577ec19d894f6ae9d3e3d7e7365d5a0df7aee07938b53ccb50dcaf29ddd57a7e66fdbb9fbd19dbbba2c2bd26a9992c5f9d6f2cd66ab4a6edeacd55b029be8bffef9c789ad52a28d0d335f286e19eaefeeb0df71ffd3858e7ecb60d72e5d5d5f5a6b94eb5dc58ec585955ac3ebecea9d9c9ebb307a69696dc14da76eddbf7f69696dcbd0d0f2dcc49d07f6f7761609d5a10c0606baf28ecb209d9e9e0e1bfec2f2e252b99cc977272c3b9b4ca44c93689d4fa70ba90c0823d5ae87b56524db4b8bb3a964766972e6cd136fb6bd88738988e608917aa0d71bdcb2114e3b0b55ab9314a7a656ef3f70ff5dfb7722bdb27d78b380d67b3ef8e18ccdb665c92d9de9ee542af494590abb77755f99586a4abfb3db5d9c9b80dc98be5ebefbc97d351167343d7df855bbe47cfba5a3c247096dd5dbd1dcd2f2adfb6f3b73e1e2cafa12a6d0740ccca09b4f60d744ae439229ed64a0e100a95e3df49a65d06a65359b708295d51b275ebb7cf2e71ffb8df7f7ed296eb975e0ee870e663bb3f7de759b451046c066d4a2847240950ab997ef4dcf4c8d23407ff42f2f8cbe75962f214200001b1a49444154edf6bd772144312648620834c95ac9a409886c2facd14bcdca4a52d72375ecc85bd727ca619cee2e144ebd7e7d6d61d44d1c3059ac74544a962888afcc4f29071c7af535108af4ba182c89cf7cfe05e9d8dddb5cd4ce3054f51a31d1398de0d0b66d41d0d6b1dfa8944d424bd962c24ad66b2d2793d58ea391556eb4eb6b1543c19665872ece75f7f77616c7c6970ac5ed4110e47a12bdbd29bb34b02cb353b3e787eeee8303b9befb065049d1d04075ad59cc0d691b68bd5e2df9eda5e60a089a60ad9d161202bb58744d1669ad10c7be421e171e35dcbf7c75f6f33fbdb66077bfbe565d6bacdebaf3403a653cf2e8035ffc8baf6c191ee92815bef5cd7f786d6c9e259ca26e97805dc41d51046353e740a44c61f8687675aaab1ffec5efff94d3b5c899ec1dda76f4f51b4ea630d8dbd3532a38063309064a1a0605102e2e2f31c66cc36c855e35f0fc38b22932e3988431812499cdb581b8367329228a53e259c8e82dba03a5bd0fec5f6e5f2a8b738bde22cb0fd4050726c5186388a27a586dcb817db7c9764323f8f08706faf60c8faf56df1a1d95c2848a22274802612f60f77f5c58bae85b99ee219b48a41a9b37a7a286eeebcf1c39faf3aed2362de18e91e17beebe7da6165f5f2c27920ed24884d657fefebbbed47ddd1de9145424c990ded96b3f780b182e6916f7eddb927193544a5d5b5fcba4b25242df8fdb918801aa7ade7aa5160771ec47856c616078bb808c8791810041902bd908424d71e7a0ad91b6122ec1dac1360d345ff158a5d3f54c5693ab97c61717e69b71d8932b66986d533233bdcca15ba9d46cdb5eaa5e25a9b607ea336bcb5c03a40112586a142baefcb66199c9e162a9d330f356229724d565ffc927eeafd457bd9a1cbb3a5629af5e3cff1656f8f26cfdb9b7c66ed66b737e40dc8286894b4b2b0fefd97bae59538db079f5c6331f7abadc6ede98673bf63dcca3b0a7905b5e5a44660a10b76b70ebab6fbc353ab3e045fcf1279fba7675acbfbbbfbf3828020a481a3ba9a9b5856ad48ab4d4982c2d2ca632686971ae5428210362c680b250948c85ba70f5f0e5336f9c7de5840a828e8e8ee142d750aea3b7af9833ddd77e7c74cf3df7bbb6b176536bb1b865ab71eb1dbb62dd042ac646d1b243d8df95eece0f2631135cb783289b744ca7e14572dbe6cddda5eed999b665a1cea22ddaacd7c383b99c6ab6eb51d8bdbbe3e2cca219c511046f2caedb617470731a8465cae5fe07775c9ea8f48e8c9c7fe3c6d0e026cb499e3ef946beabb8303f974b2687360d0d6f1eece8ed9e5b299f19bd7efcfc1b8f3cf5e0c5d78ffdf8bb3fe8ead9d43b94379dae6f7fe7f9fff4479f2e97676a4bb56d835b68c6c24941ecce33f367a13b0a6d33d1c157e63a2796aa0b4be5ababcb0b8dea8aafbafcfae3cf3ef3d6a53799a1b66fbaed1ffee9c8ce3bbbfbf296089ba3931a9636e51275b87d477e722eee4c660dc382522429d83e627b4d10f175ad48b5c19e79f6bddff9fed76eddf3c8c923170c041e2e0d7541eb67d5b9c3b5551c942dc2eada4e81f6f3dff8c37ff8e26faa25f0ae4f3ffbc22bf68573e7ed62472ba8da84054dcf4cd926332a958a40c0079a30ca4580318c396eb55a6e92122a87720393f313cced6098ed18eeb87aeea8f20ccb58fefd3ff980b48014ddf39367907bb319d2388e974e6ee79c12051a206200526def74ccedef7a68d3c1bdcf7df977def38efbfefee7ffe766e0af8dd56fd93cf0d3231c2732360d41266fc6c2726c5b6a0080ce3a562691123c2698426de492a83c3fd353ccfceca5578b6e3f31084b1947a6afa6fbb68d4f5fbbbdd7edc9758ccdcd2473c59ffce4c8da5cb3d43dfcb9bf3f4132bd2c0fdb1208201bad1622a47f703082b211faa663bbae5b2ae43329cb65f08b7ff987a75e3fc2809b30b3229e4ba5128a7acd7866f5e69aa918e62eb0dbeffec8834ae191cd037150e91fec9a5f68526ccd5f86cc7630040a280ba1529ae63a3276bfbbbebe72cb53ef5646f6bf7de9dbeb93246b75958ae91b3301d20842082d4c0b568249107a6d2e452df2fd98664a854d23bb07b7ec743b0690d18160e68ebb1f4469875b20107167ae7f667d29adbc473bf329a93ef4aef70ef50ca573039b87f7625678f995ef42856ad5a6c624972f0e0d6f4e65b2e5d5b5288a344194529ad4abadb94a7db1e997fff4cfbf38b475074d465ddb823df70c4ecf2f4018de77600b02d8a4a2234b32565170abab63dbe5aba3c0768606eeaa2ed3c63a94316c361b84608c808c2303b1664c786bf9fa4b3f51d5d94e2b91773a06bad304730db8d231a21a4308a58a7b13a94e623e7ec73da6c45e804e8fcf5dbfd16c2ec595ea423a9dcef7a4d2dd85da5aa31086ef7ff8bdd36bc247f47263619391495214248697469781f4bb3a7bcfcd2c2ed491016e7042111b245e606a3be1e6eebde7eebdbb77f6760f119ca9b7e2209091c62c9ff71d7362a52e51abbf2fbc756b76ecc6d4817bb621aca6166a0ec35899d8e3d9b49bb71342650c62581d3ba6afd65aa27bf40a742c50f18244089667661657965504cce6220d5423df69d51adcaf21206414624a056f0018900d38d2308c849520baa19bd50e8b196ef2c6d2c21caccfd46b5903f3f34b5dddc5eeeeee54a6bfaaeb37e757f66e1b19b87de4f8e75ffbc4fb6e8f77eedf558e6bb5a1d36fbdfebe0fbff7faf993ebb5b3417577095586b70f376af6d4ca4abd5eb3289a5cb9a9095dadaf60048ca6936476b8261276f1b73ff6ee76bdbc52ef1c9bbd7cc71d3dabcb2b855c890b76796c05200209361d3bf0236149806824a09d28bd7169b6b15839d099cc27d962b8b60a785ad3d5d64a4889d1361effc54f6954598c44401371ac64450c0ea4a1f6d1c68d7fcef9ecec6cd2b697a626efd9b3cf526aefe611248461183a36360fdd224266926cb55cef4877e24690f283370fbd94b24acf1d3a6ef76e79dfc1ada74ffef8e1fb1e91a1ff4b1ffbe5fd1d85e37ff7fc07dfb5f3ee47ef4d24e1079f79a2d9583b7ff96aa5d1ecea2cdcb27358a8388e64e4f1ae7429cf122f9c38fcc2f113c19a6c9c5f0ba652fdeefef254254da8e011a6442a95cde78410611843c414b6224d9b01369dec5279fc173ff09eb546cbc46e31dba9e094cd2a7eab924d4a603ad44e447ecdc40635ec58690821d9e87bd8e0ceaa9e9feee8bc32361673a99a8dfd1d258620b433c8a07e0d78954ac6a1617d69d5862a69ddb87e7d38af43bae31fffe84b230f3cfd377ffda7cf7debf8e9c5c97b1fb9e75c940c179afea597ce9d9ffbc3df7ff22fbefcb583070f0e6edb3b544a9a24fe9d3ff86cb1b33350cc30c8a69d03a70fff7cfe5aebf147ef4fa71949e4d376764b774f6fa1e3965bef3bf1c21f604651ac13e954dbf3b4ab20661a9b0682308e073a32ffedd3cf9c38f4f247de739768897313a71ffbe8a3675e1c5dac5597ebf373d5356660a74f07511b7a38566d0005d1106b280dc3e8eb1eee20385b48f9229e599aef1c1c6a34da0eb374accedcb80a085d1cab6c1fd9255248ad4d561098ad968b49eb63bff10be5b6b8706df5f84be73158debdffaeaf7efdef1eeaeb7fabb2dc1e9d48e41e5e6ec3955afbce9ed2f7bff155d3b6421e8c8c8c3cf4e0c1c3c75e6a44f0c59f1df9fc673ed9bb29f37b9ffb6ecffe44672afdda9b170f9d3b99c864fffcaf9f4b525b0917309d2d669a2a4c914a3ba0a9b01db85606d6feeb271fb97466a6ababebf85b33f99cfcc4679ffdcc5fff635527055afde1c7ff20d917ed182e961b11d699feb4c3a31a04064e64132494e9145a5d68b3a433b556f6b882cce65ad5aa55ccd8f2da5abe50caa4d38f3ff6f0ce1d9b1ae5cab6e19e5db7de7aeed4e19c63cead960f3cf4c88f0f1ddabe79737767716da19262e66c79ea953317775bfc9d0fee0e7db1b0549e9e9cdab1b96ffb8e03a5429f63b96f1c3fd55a5bfbe847df7ffedaa556884ebcfae68edd19829de317c6def1ccd37966ef2a76ffe17ffe4f2ffeec654a2c1ba33b1ebe35522d8028d78a320c0c32365ebb3075763644f3557d74fc7acfbead3f3c7169a55cebedea59bc39f367fff9775efdfec4271ffec8ad99dcf8e50b5a46dd5deed8cd18a70b6916aa52c9ae36c0af7eea132f1f7bedd3bfffd96f7ff78777df7be7d8c48d6ca1a019a9379bad46f3c6f8b563c78ebad4aad4eb1727a7d1f2d4d3ef7fb6d03f726d7c6ef7be7d338b8bb32bf3878ebcbeedd6910b97df1cdeb9bb87a697f3746e324e67f24bcbcb738b3357c6affabc75e5eab9887bb7ecbce5cd33a7dff381f7ffc3b7bedf531c79f71377fde557fee5c09d0f8e6cef11b5066ab5d399ec1ba7ce0a094da80e3e715ba3bdc20cc78f23c7351d10eed97ccf8edd831353ab813f9f1f964ac6d7afd5def9c87bdffbc8073ffc9e5fbe72f6ea5d7b87956ab362d7538f3e70df5d7bc66e5cbc310fb09db1892f3a3a9c5cd7d6dae2a48515a5b8dca89c3d7306611c69e9731e84a161999859d97c37143844b84dcc447561a6158dcf34fd969a1f9b4a289434e98ead3b4f9c38fae863bfb0bcbe0e96c65b3d7065d698589c7ffc3dcfd0843bb5bcdc6c875bb66d379dd4c5c9b127dff9a1e3af9d7adf7b1e10666bf1c674ef96fca1e7bfddcde8f2da52ffc8d6e9a985f1b169a9a189c4c3efbe63a53a613bae1f7304593ad5f92fcf8d16f2035bbbeedab3ebc9a7def591ea8cfcc8bbdf7ff8e51f4c8f4ddb765a20b4d0548fdc7757df405788d8c2e4d5b1b18b93ab263195a6062962cd96c7dfb8d65e6d476f8edf0c439f392c3d3bdecea756b574438812c64a6d3d15cad0426e3a6b0a6a007d4ff7eec585059dc5c39b1f8d5aad85f57516c8adb7ddf7c313ff92b3766eee94ebe5e8c0dd779c1d7deb67c70fa76db72f57dcbdffd6e1addb5e78fe7921ecfffdbd7f451a2cfcb81e445ec0e38f7fe2577ffdb30786fabb96d66fdaaef1fca11f7b5821d5ae2b5b21cca81353ec324941602592237bf67cf93b7ffbd8631fccfaf5d5a3c882cdb46b66217cecb17b403a1355c143db87ab825b928d4dce37c29c8370043c3838dc413c75db000433b591cdc5388e0fdc713b17c195ebd7eedd7bffbf1ebfb4ae300fdb0801aef0f4ea9a9b2c6deecec62b3794acfdc1177e8930f4075f3c737ed4df36b2a9d9f01e79f09d32325aa85d3033c1d93f79cfc79f3e74ca3248c9abb4158186f40100b558088e8510b1e2911212028348406824a4c9b46ee94ca2c3c670fccc611f79910c1d4affdf2f3dbb5cb981d285a0e25b2c95e8196cd577f9a0b2b6d85e983cb37b64ab9b4c58b922535291d4377ef0b20ee34c774fbd5d6bb61aa6e104f50a5e7ee195714220840a82946d3cf5f403db3aecd595a5d6ea4dd7a09b82b5cae278bbd58a39d64cc958c60a39c914d0517bf9eca73eba37d79b6ce914b60af92dfb9edcc774553126da5c1806a8cd5d3cf6da0ffffebfbc2f1d2c99d3e7975750dd33171ab527eeb8f5e2f90b999e81be9e212b3fd40c08736d3f8e2ce2b44295ef1cf0bd16e80d1389925f6f96c3350d0431ed5844447b8e1d0be287b2e5555add9bb6b044f21fbffe3736eb8a5bf397cf5c7cf2e9a74672fd37abf197bff95cae6f647e612abd7ce9431f7817a1f0a5175f1d9b9c3b50ca025dc3a9b40339dc9c43c358b276356a36138cd81815dcae6f9dba56a71d02a90890ba84752d5d4841a4760fda77eccd86b641dc4e962417ae6f236edb000509906327622e0ac9dcecd50b474f5ebc3471f3c33b863385aea3d36b11492c4e8c677369c3329bb55a4fd1183bff5a5c9f9d38f3dae49563da5f9e1c3b6fe8569e90b4011ca2ae9dbb4c4dad89163c7ef88121640682eab85156716d5bff2dbffb9b5f1ab965cb53effa4879697cff8e1dd3d76ecc4e4c5d3c79f2afbff085f1b14bbb467aba063657fdc08b65e7c0a6be62412e9ebcb9dac66e268163d2e7f2012e320960274d83e166ab754118e30d146217280e10f694f2a50000612e3ef4de5d89ac8ad6c1cbdf7a35d7f3687ec7d02b3f7a4563c34ea4a2982b6485adf5b9e56b29db5c090a8f6ea9a413dbbf3fb644140dd3853a30173cbe1ccaab4b95a500cc36e2d0cab622d16e364a84efebcbcc2f5d6937264f1cfa31b18c044e20e4db213b78bf15b33662c404918ce375af3c54fcc073dffcd68dcbe7935667cf60df96ad7b3a8b5b06faf37ff2f73f608ef5da4b872e5e9f3f75ec75acd1b1a36f4c4fdee8742ae3ab82200d0054c0b2eb56e6ca6ab5def6ab01ac04ea72abbaa6636daf2105998212020d11218cdba8873ae28dcb136547a677235c4af3d6e73eff8193e7a2c9e93ac41823e8b5eb52290175e8b71831566a5e2be62006219450e98d1e4d1302a9a4611a3100bca3a7aef515a5cf9dbda94490b68c30c60e94226a4b16a665e8d7177b0bddad985e199d2c668b1d9d9d2b93d5fff8ebbf9c480d71481bd549559f7731a8c5f1c28ab7f5d6ee54b12b6cc57ff1575f387ef8f0d8dc1ce2f2df1a8601528ab794f1bdcb73cc46dab2959b1aab2f63499961412d213202c085560624f5480021bff28de77fed3fbcefdb975ebfe95d7bf8337de5f95a87ddb9327fbcbcd6e652f5e492eb6b8b12492f0c4528284cce2ead2137015a5c02a821888420847851acb5f683000060f89e522006281612b8e92aa6d8614c0bc60c6584502b4b382f7ff7d4e84af491673f18b5bca9a3afd24aba5e9bf545e73b9e7e1fec301797e152d94b69ffd3bff8be9d07f6fcda33f7af7b5cf370ffaf3cfb6b1f79df850b172ebff04700009cce26218f8b1deecd1aa984899644f36bd3103771b215498551560124b4840847318fa0d686bd24d1f747cbab014b432b8ac3e5c5f17ffe8b3f76ed7c22d719858168ac2ecc5ef278d5419011fcd456f3d885cad940193188b542102188b4d2041108e0c68c31f52188b4e4503b0423291944ae56498215f51dee9abc2654ff2b671b47de985d5d53474f2dbc7cf4e6934fdf1634c38a77f1c891efe176a5c70a9efff98b2fde28bbddfd6f9d3ef3bf7ff0622ce0f26aed7ffccddf5eba74b648576eae712263071b3514444d2bfad467070f0c1a179b8b197960a4109e5b5f37d3fddffbccb1aa314c42e689768438454a9a9d894c369fb067c7c74f7def1b0fed1ae20d35bc7dd7a52b9351abc251754d2ea5b4b3c6fcae68f9a7c7dc29c14c00388314c2182808a1d24a0bf5efede59a2b0b63840981c88f948cfdce8405a090c2972a1780326fdbd782c0870e86d6c5a95502138952e26ffe698262b875a47362427deab31f6894c7d071b6b430bf65eb40dc99f9ca777ef2d18f7d24f26629c26845acd80dac1c38dccf745c7c685f4fe2b1b59efe6a22480bc3c32b0982787b88e49756aab6abd1aeaf7e6e15c534d23587745366f50e6eea2c141507f54ad5f782830f3c72e6ecd94c2a5bafae4fcfbe558f5689a74287e6652063afa6a866ae509c010001d8f863008168e3720f0060e3d680169222ac4c8404cf2194008a42c835ec215e5f29fbf2bc578d815080000d10c688380413a0093232296b757edc223c9f109ffec2ef0a588d56d6dffc3f2f74da5da6cee67ad90f5eaff0def8e85986bbd3c530d6b63d494b6c4032d3cfe64421b596bacd2c6a67ab9f1d5b90b71071f58977154fbeba3cd8fd04b30825acddf0084e00a1905d48f78ccc4e4e164b0566276bb53a663293b42165b102a14475642065f6ba799bd990508c999290c74a2a2d950210fddf22ceefc5aeab8ae36badfde39c73cfb93fe677e64726931f854c93d8cc94b69652b420b58820d81f2288f8e08bff832fa282212208a2f4597cd2167c2846b044046b4b8d893466266432492799b977ee9d993bf7ce9d73ef3967efb57c3889c27edab0f68f2f2cd6de8b2f1f24454ab188d65a4404bc45b28a94b64e00092e3c73eac666bb8db1102a8d5ea95c9490226b9d4026aeddedd9b8213ace61f62fefdffaf4c3c7aa1776415efff6cad1e0deea85e5413fdf6c351fec5955ad29af264ecf15672f2ebeda4c7b37eebdf5e2d2c7bffb68e59bd54f7ef2d705b5340995c959aed9d69b6f7da9b96dd3cc8686e64ecc185bcd4c35aa54bbbbed38acaba05a78757c3cf23eebf53b54b1988d506bc9d9904ac6c7c22051da4651644d90c4551b06e54fdd3317ae0004112144f020003943df719e0e0698dc6d778f08720c35824116311635a1649c7b05057b06014343765de6711bb40ecd6ed6977d4a54fdc36b778f8d0b627528f1da8e577163d216bdc5a5a9e46c3ef40f57bfb370af75aebbf8e686e0179fa73d5e1fdca1f8d9eaeecec2a3dd8deb7fbedf6943a7db393c4abf70e9a56a2581a2986c3466a626d8bbb892a4c39eb245abbd910f5d148d25490d2853364c9269ada35c72ad749167b538116d950aac5646a1d24604583c2383000b30a263ce4883a60269e4d1b3132241a3908c780bac1502b3131185024842cacb00394838edf5bd31b7ef6cd62be71f3c7cf4e9c6e7db03d3cd0c79b6a4ab9570a279bb79387deae66076fde2cffff4876bb593dffbf547fef1d469fecad4fab0551fffd1e6da959ffdeae34bcf5fb87af5ca7beffdfef1f6e777d7fea30dbef6e5570ef69a9686bdf6c3a95a78b4b7132a13191beac00d8b40d92448423b46341eda59a4fae4e4022a43ec34ba40e9c42449540f838a5286199c703918411b230085732c0288cefba2288aa238163f22042003ba8aa68ac696f647a5b4d685773a0cf6466e9fa0a9075b6ee287577ebcb5b30f20aada9814c6dd5673f5fc33f9a8e662f82a7eede5375e1a0bcf5cbbf57e7d2e1d24c775536f3f98dfefac352afa9db7bff5eebbbf11f1b76efdfbe2f2a5eefe5e60210ad5c2c264afbf3f31de401af6ba9d954b2f8cd22ca9c4e0dc99c5658df5f18985a3412ede0441c20cc334e55c3469709cb30744111128fd97222002c2cc5e98a1cc702c6102885888f320ce33001a221040458c4002ec190d0d87e9f8388670c292cdd49d7fadad777aa157a81af5d8a372a036d7ef7efdb5e53c8d675e781147e6973ffdee377ef00ae5a3cf36d36a90b6b64e6b1a3b3e3edcdada4a8783d595d5767b77edf6bdc585b90bcf9efbe41f7f6bed3593b8f1cf1b370efbfb13f55a73bb7d627aeeccd2523d6e189d0c3319b93c8ae2288abda76c084a55890216f1ec325700021169a5b3a2f0e2015110440410014140a444803013a2561a811c730692b3cbc4212201ea128a82ccde1d3933f4a3c654ebdcb9f37fbfd9194945d0e1fcfcfcff081a66f8e8ea2fbe1f44ee833fde7cdcdf7ef5f5e54a2d3d3838181c1ecccece74077d8ff0c16f87674fbe3c180c46a3d1dcf44c1886972f5fbe7efdfac2fca95aad76fffefd5eaff7dc732b4110acadad4551a4b52e725faf4f102acfba3f38ceb24c44dca848d323a57d960fba876dcf450929c9dc9113f7a40e8b008073ffc7c294938a89483f659ce465879899035006a97c999e9cd68ba74e7fb6d9ded8e90905656d7f72db72ad249a1cf5ba5194e6f9dec9a9a9ee4127a9822b88c01a6348290fa2c1a3b0f7de5a5b221fb4d68828900541e0bdcfb20c00acb54414048131aa70b9560651694dce174fba9c100110291629402c0095841e662ed52fb7c8f3bc289e84c053724f79747e6ac705803250932aa549d3f441277310828e9c68d2aa94e9bf2e45dfdf5083b6ca0000000049454e44ae426082);

-- --------------------------------------------------------

--
-- Structure de la table `relation_tag`
--

CREATE TABLE `relation_tag` (
  `id_game` int(11) NOT NULL,
  `id_tag` int(11) NOT NULL
) ENGINE=InnoDB DEFAULT CHARSET=utf8mb4;

--
-- Déchargement des données de la table `relation_tag`
--

INSERT INTO `relation_tag` (`id_game`, `id_tag`) VALUES
(1, 3),
(1, 6),
(1, 7);

-- --------------------------------------------------------

--
-- Structure de la table `review`
--

CREATE TABLE `review` (
  `id` int(11) NOT NULL,
  `score` int(11) NOT NULL,
  `comment` varchar(4000) DEFAULT NULL,
  `id_user` int(11) NOT NULL,
  `id_game` int(11) NOT NULL,
  `date_publication` datetime NOT NULL DEFAULT current_timestamp()
) ENGINE=InnoDB DEFAULT CHARSET=utf8mb4;

--
-- Déchargement des données de la table `review`
--

INSERT INTO `review` (`id`, `score`, `comment`, `id_user`, `id_game`, `date_publication`) VALUES
(1, 9, 'Excellent jeu de bluff, très rapide à jouer', 2, 1, '2020-10-16 16:52:13'),
(2, 4, 'J\'ai pas arrêté de perdre c\'était nul!', 4, 1, '2020-10-16 16:52:54'),
(3, 10, 'Meilleur jeu au monde, on a pu apprendre les règles en 2 minutes et s\'amuser pendant des heures!', 3, 1, '2020-10-16 16:53:44');

-- --------------------------------------------------------

--
-- Structure de la table `tag`
--

CREATE TABLE `tag` (
  `id` int(11) NOT NULL,
  `tag_name` varchar(255) NOT NULL
) ENGINE=InnoDB DEFAULT CHARSET=utf8mb4;

--
-- Déchargement des données de la table `tag`
--

INSERT INTO `tag` (`id`, `tag_name`) VALUES
(1, 'reflexion'),
(2, 'reflex'),
(3, 'bluff'),
(4, 'mensonge'),
(5, 'trahison'),
(6, 'rapide à apprendre'),
(7, 'rapide à jouer');

-- --------------------------------------------------------

--
-- Structure de la table `user`
--

CREATE TABLE `user` (
  `id` int(11) NOT NULL,
  `pseudonym` varchar(255) NOT NULL,
  `email` varchar(255) NOT NULL,
  `password` varchar(255) NOT NULL,
  `profile_picture` blob DEFAULT NULL,
  `country` int(11) DEFAULT NULL,
  `birthdate` date DEFAULT NULL,
  `date_account_creation` datetime NOT NULL DEFAULT current_timestamp()
) ENGINE=InnoDB DEFAULT CHARSET=utf8mb4;

--
-- Déchargement des données de la table `user`
--

INSERT INTO `user` (`id`, `pseudonym`, `email`, `password`, `profile_picture`, `country`, `birthdate`, `date_account_creation`) VALUES
(2, 'kalharko', 'oscar.dewasmes@utbm.fr', '*A28D6A233B76FC581A8E711B8966883C91C97612', NULL, 76, '2001-08-21', '2020-10-16 16:14:57'),
(3, 'racsomc', 'oscar.dewasmes@gmail.com', '*4AD47E08DAE2BD4F0977EED5D23DC901359DF617', NULL, 76, '2001-08-21', '2020-10-16 16:16:25'),
(4, 'ppoussin', 'p.poussin@yahoo.fr', '*F207EE4F2A07EC1ED5ECE65E0BC10E957A7DADBD', NULL, 76, '2001-08-21', '2020-10-16 16:17:05');

-- --------------------------------------------------------

--
-- Structure de la table `vote`
--

CREATE TABLE `vote` (
  `id_user` int(11) NOT NULL,
  `id_review` int(11) NOT NULL,
  `positive` tinyint(1) NOT NULL
) ENGINE=InnoDB DEFAULT CHARSET=utf8mb4;

--
-- Déchargement des données de la table `vote`
--

INSERT INTO `vote` (`id_user`, `id_review`, `positive`) VALUES
(2, 2, 0),
(3, 1, 1);

--
-- Index pour les tables déchargées
--

--
-- Index pour la table `country`
--
ALTER TABLE `country`
  ADD PRIMARY KEY (`id`);

--
-- Index pour la table `follows`
--
ALTER TABLE `follows`
  ADD PRIMARY KEY (`id_user`,`id_friend`),
  ADD KEY `id_friend` (`id_friend`);

--
-- Index pour la table `game`
--
ALTER TABLE `game`
  ADD PRIMARY KEY (`id`);

--
-- Index pour la table `relation_tag`
--
ALTER TABLE `relation_tag`
  ADD PRIMARY KEY (`id_game`,`id_tag`),
  ADD KEY `id_tag` (`id_tag`);

--
-- Index pour la table `review`
--
ALTER TABLE `review`
  ADD PRIMARY KEY (`id`),
  ADD KEY `id_user` (`id_user`),
  ADD KEY `id_game` (`id_game`);

--
-- Index pour la table `tag`
--
ALTER TABLE `tag`
  ADD PRIMARY KEY (`id`);

--
-- Index pour la table `user`
--
ALTER TABLE `user`
  ADD PRIMARY KEY (`id`),
  ADD KEY `country` (`country`);

--
-- Index pour la table `vote`
--
ALTER TABLE `vote`
  ADD PRIMARY KEY (`id_user`,`id_review`),
  ADD KEY `id_review` (`id_review`);

--
-- AUTO_INCREMENT pour les tables déchargées
--

--
-- AUTO_INCREMENT pour la table `country`
--
ALTER TABLE `country`
  MODIFY `id` int(11) NOT NULL AUTO_INCREMENT, AUTO_INCREMENT=253;

--
-- AUTO_INCREMENT pour la table `game`
--
ALTER TABLE `game`
  MODIFY `id` int(11) NOT NULL AUTO_INCREMENT, AUTO_INCREMENT=3;

--
-- AUTO_INCREMENT pour la table `review`
--
ALTER TABLE `review`
  MODIFY `id` int(11) NOT NULL AUTO_INCREMENT, AUTO_INCREMENT=4;

--
-- AUTO_INCREMENT pour la table `tag`
--
ALTER TABLE `tag`
  MODIFY `id` int(11) NOT NULL AUTO_INCREMENT, AUTO_INCREMENT=8;

--
-- AUTO_INCREMENT pour la table `user`
--
ALTER TABLE `user`
  MODIFY `id` int(11) NOT NULL AUTO_INCREMENT, AUTO_INCREMENT=5;

--
-- Contraintes pour les tables déchargées
--

--
-- Contraintes pour la table `follows`
--
ALTER TABLE `follows`
  ADD CONSTRAINT `follows_ibfk_1` FOREIGN KEY (`id_user`) REFERENCES `user` (`id`),
  ADD CONSTRAINT `follows_ibfk_2` FOREIGN KEY (`id_friend`) REFERENCES `user` (`id`);

--
-- Contraintes pour la table `relation_tag`
--
ALTER TABLE `relation_tag`
  ADD CONSTRAINT `relation_tag_ibfk_1` FOREIGN KEY (`id_game`) REFERENCES `game` (`id`),
  ADD CONSTRAINT `relation_tag_ibfk_2` FOREIGN KEY (`id_tag`) REFERENCES `tag` (`id`);

--
-- Contraintes pour la table `review`
--
ALTER TABLE `review`
  ADD CONSTRAINT `review_ibfk_1` FOREIGN KEY (`id_user`) REFERENCES `user` (`id`),
  ADD CONSTRAINT `review_ibfk_2` FOREIGN KEY (`id_game`) REFERENCES `game` (`id`);

--
-- Contraintes pour la table `user`
--
ALTER TABLE `user`
  ADD CONSTRAINT `user_ibfk_1` FOREIGN KEY (`country`) REFERENCES `country` (`id`);

--
-- Contraintes pour la table `vote`
--
ALTER TABLE `vote`
  ADD CONSTRAINT `vote_ibfk_1` FOREIGN KEY (`id_user`) REFERENCES `user` (`id`),
  ADD CONSTRAINT `vote_ibfk_2` FOREIGN KEY (`id_review`) REFERENCES `review` (`id`);
COMMIT;

/*!40101 SET CHARACTER_SET_CLIENT=@OLD_CHARACTER_SET_CLIENT */;
/*!40101 SET CHARACTER_SET_RESULTS=@OLD_CHARACTER_SET_RESULTS */;
/*!40101 SET COLLATION_CONNECTION=@OLD_COLLATION_CONNECTION */;
